[
  {
    "Id": "430637",
    "Title": "A fix for Create Review",
    "LatestDate": "2013-01-23T12:54:40.897-08:00"
  },
  {
    "Id": "442844",
    "Title": "Cannot find the OdeToFoodDb.mdf' as database 'OdeToFoodDb'",
    "LatestDate": "2013-10-01T08:46:52.903-07:00"
  },
  {
    "Id": "449845",
    "Title": "AutoComplete in the Search method",
    "LatestDate": "2013-10-11T10:44:57.443-07:00"
  },
  {
    "Id": "456987",
    "Title": "Login link is cached as well, so even showing when logged in",
    "LatestDate": "2013-10-31T17:52:22.547-07:00"
  },
  {
    "Id": "457232",
    "Title": "How to download \"complete video 1 - introduction\" files",
    "LatestDate": "2014-02-26T15:02:23.32-08:00"
  },
  {
    "Id": "538277",
    "Title": "OdeToFood Database isn't being created even after running application",
    "LatestDate": "2014-03-07T03:27:22.003-08:00"
  },
  {
    "Id": "539404",
    "Title": "Paging Results",
    "LatestDate": "2014-03-18T12:45:18.943-07:00"
  },
  {
    "Id": "568800",
    "Title": "~Views\\Shared\\_LoginPartial.cshtml as of commit 078418e322b2",
    "LatestDate": "2014-10-01T09:38:38.847-07:00"
  },
  {
    "Id": "637748",
    "Title": "Update OdeToFoodMvc4",
    "LatestDate": "2015-05-11T08:06:00.23-07:00"
  }
]